id,name
'1','Omer.Kemmer25'
'2','Percival_Weissnat85'
'3','Felix_Hagenes89'
'4','Steve21'
'5','Gregoria19'
'6','Catherine_Bernier51'
'7','Xzavier.Johns55'
'8','Kacie_Sawayn19'
'9','Margarita.Beer32'
'10','Lauriane30'
'11','Ebony12'
'12','Domenic_Klein'
'13','Malachi91'
'14','Ambrose.Hodkiewicz'
'15','Marta_Koss93'
'16','Frederick_Romaguera'
'17','Josephine_Lemke'
'18','Ludie_Lueilwitz'
'19','Isabella_Collier82'
'20','Caterina_Mertz33'
'21','Malachi.Lakin5'
'22','Jan_Gutmann'
'23','Dasia11'
'24','Seth86'
'25','Rodolfo_Beer24'
'26','Frances.Sipes67'
'27','Bethany_Block48'
'28','Estrella_Zemlak24'
'29','Leda_Wehner89'
'30','Dillan.Schowalter69'
'31','Timothy_Gaylord'
'32','Regan_Zboncak'
'33','Sigmund31'
'34','Turner_Gutmann'
'35','Winifred_Bartoletti97'
'36','Trystan_Doyle'
'37','Jettie_Gibson19'
'38','Alejandra61'
'39','Katlynn.Hayes17'
'40','Dixie_Waters11'
'41','Merlin.Ledner91'
'42','Marie21'
'43','Rosario25'
'44','Russel_Brown56'
'45','Griffin_Stoltenberg'
'46','Stephon_Hahn'
'47','Kamron17'
'48','Carley67'
'49','Laura_Senger2'
'50','Coy69'
'51','Mariano_Beahan'
'52','Albert_Jerde91'
'53','Donnie_Hamill55'
'54','Lee31'
'55','Amalia_Windler'
'56','Ena.Kilback'
'57','Bridgette5'
'58','Vernie27'
'59','Keely.Bartell'
'60','Torrey40'
'61','Gerard.Muller59'
'62','Reyes_DuBuque2'
'63','Clifford92'
'64','Trisha.Lebsack'
'65','Stephania.Heidenreich1'
'66','Cindy_Torp91'
'67','Erna91'
'68','Chaim69'
'69','Talon.Macejkovic'
'70','Manuel.Larkin23'
'71','Benny60'
'72','Judah46'
'73','Justus.Heller23'
'74','Wilhelm23'
'75','Verda.Dach83'
'76','Winnifred77'
'77','Ebony_Purdy'
'78','Orland.Stiedemann'
'79','Angelina.Glover'
'80','Aliza_Sauer44'
'81','Erica_Fritsch36'
'82','Carmella70'
'83','Turner3'
'84','Bradley.Lueilwitz41'
'85','Darron.Dietrich28'
'86','Shakira_Lubowitz97'
'87','Jovan_Hartmann'
'88','Angeline83'
'89','Marcella_Schmidt'
'90','Drake1'
'91','Nona41'
'92','Tremayne34'
'93','Orrin44'
'94','Rey.Schmidt'
'95','Georgiana80'
'96','Tanya.Flatley'
'97','Jennings.Kemmer85'
'98','Aylin.Littel'
'99','Nathan.Bruen59'
'100','Rebekah_Schroeder'
'101','Sophie.Turcotte75'
'102','Samson_Jast98'
'103','Raphaelle.McClure15'
'104','Austin.Toy'
'105','Coy68'
'106','Etha.Maggio96'
'107','Richmond.Cole38'
'108','Paige81'
'109','Palma_OKon49'
'110','Hobart.Nolan66'
'111','Luz.Littel23'
'112','Woodrow.Walsh63'
'113','Ursula_Hessel'
'114','Alanis_Pfannerstill'
'115','Kristina.Feil'
'116','Jaunita_Stamm85'
'117','Art_Nolan69'
'118','Anabelle_Krajcik'
'119','Raoul_Orn'
'120','Coralie.Champlin'
'121','Asa35'
'122','Bethany_Renner85'
'123','Dwight_Becker'
'124','Tomasa96'
'125','Nyasia_Davis'
'126','Jacques_Bahringer13'
'127','Kaia.Bogisich51'
'128','Dalton.Oberbrunner32'
'129','Maybelle.Pollich'
'130','Tabitha.Wintheiser2'
'131','Yvonne55'
'132','Burley_Bogisich56'
'133','Maida.Reynolds59'
'134','Rosetta.Farrell29'
'135','Christ_Abbott58'
'136','Dane95'
'137','Belle49'
'138','Dwight_Kihn64'
'139','Garrett_Pacocha99'
'140','Payton4'
'141','Jerome.Vandervort86'
'142','Johann.Mueller73'
'143','Stevie_Considine48'
'144','Joyce.Senger64'
'145','Kiara_Spinka'
'146','Selina20'
'147','Victoria58'
'148','Percival.Simonis'
'149','Ronaldo.Mohr'
'150','Gaston_Skiles84'
'151','Vivian12'
'152','Jamar_Sauer'
'153','Ezekiel.Cole'
'154','Savannah37'
'155','Alverta92'
'156','Loyal16'
'157','Brent_Greenfelder45'
'158','Myrtle93'
'159','Jacey_Runolfsdottir23'
'160','Judd.Mills75'
'161','Christina.Ankunding'
'162','Oswald_Fahey'
'163','Robin96'
'164','Retta_Gleason'
'165','Ashton.Hartmann'
'166','Jeff_Gislason37'
'167','Rosalind62'
'168','Letitia58'
'169','Jared57'
'170','Gino.Daniel'
'171','Jayda.Kling'
'172','Savanah70'
'173','Olaf3'
'174','Mittie74'
'175','Jorge.McGlynn'
'176','Myrtie.Smitham'
'177','Lonzo_West'
'178','Fernando_Hintz'
'179','Stanton_Ferry'
'180','Hosea.Kerluke'
'181','Kitty_McLaughlin10'
'182','Daphne_Pagac5'
'183','Carlie.Renner'
'184','Tanya.Jerde69'
'185','Cassandre_Abbott60'
'186','Elyse.Balistreri'
'187','Aron23'
'188','Jaunita.Hauck'
'189','Henry_Williamson50'
'190','Rudy.Gislason'
'191','Howard29'
'192','Mohammed42'
'193','Merl75'
'194','Edison59'
'195','London81'
'196','Merle34'
'197','Janet38'
'198','Regan_Kunze'
'199','Stanley_Stiedemann84'
'200','Vaughn.Cronin'
'201','Price15'
'202','Angel_Franecki71'
'203','Lacey_Mante'
'204','June.Kutch'
'205','Daniela.Kohler41'
'206','Robert22'
'207','Eleazar_Hand24'
'208','Nicole_Brown'
'209','Beth_Wisoky'
'210','Hillary0'
'211','Kaley.Beatty19'
'212','Walter10'
'213','Jeanette.McLaughlin'
'214','Kimberly.Kuhlman'
'215','Zack58'
'216','Maggie_Vandervort'
'217','Nova.Osinski39'
'218','Josefina.Kris'
'219','Whitney_Beier93'
'220','Marjolaine92'
'221','Alverta_Feeney'
'222','Sonya_Emard'
'223','Carlotta40'
'224','Angelina96'
'225','Luisa84'
'226','Theresa78'
'227','Meggie.Graham17'
'228','Kathryne_OReilly'
'229','Noemi.Ratke41'
'230','Brisa95'
'231','Ali_DAmore'
'232','Norwood.Ferry96'
'233','Hollie_Weissnat95'
'234','Gianni_Paucek'
'235','Cloyd_Bailey'
'236','Caitlyn41'
'237','Naomi_DAmore31'
'238','Raoul82'
'239','Eulalia.Lehner66'
'240','Tina_Renner'
'241','Paxton_Ritchie'
'242','Cyril.DuBuque34'
'243','Darrel.Medhurst'
'244','Henry.Donnelly42'
'245','Cade_Bins'
'246','Nat_Murray'
'247','Kade_Treutel'
'248','Sincere92'
'249','Sage.Spencer19'
'250','Kacie_Ebert11'
'251','Elda55'
'252','Kay86'
'253','Pierre.Maggio'
'254','Jedidiah13'
'255','Hilario_Olson'
'256','Angeline_Feeney'
'257','Monty.Konopelski'
'258','Erling_Bednar'
'259','Clinton_Rutherford13'
'260','Darrick11'
'261','Oswaldo.Mueller29'
'262','Lavern_Romaguera87'
'263','Carmen_Fritsch67'
'264','Abdul_Kozey69'
'265','Wilma29'
'266','Kaylin.Lynch44'
'267','Amely89'
'268','Malinda.Schoen68'
'269','Roxane.King24'
'270','Sebastian.Breitenberg26'
'271','Imelda7'
'272','Stacey.Jakubowski39'
'273','Micah41'
'274','Bessie18'
'275','Gina_Dickens6'
'276','Deborah.Mraz'
'277','Donavon_Thompson59'
'278','Vaughn65'
'279','Sophie91'
'280','Stephen.Satterfield'
'281','Elsa78'
'282','Perry.Goyette'
'283','Kareem_Keebler'
'284','Raegan.Kuhic27'
'285','Jarrett_Reichel36'
'286','Meghan29'
'287','Dolly68'
'288','Amari.Hermiston'
'289','Tillman.DuBuque82'
'290','Robb_Kilback'
'291','Orion.Champlin'
'292','Armani.Nolan'
'293','Rashawn85'
'294','Adolf85'
'295','Arturo9'
'296','Shyann_Larson92'
'297','Audrey2'
'298','Madison_Sauer50'
'299','Durward_Berge6'
'300','Eva54'